{"cameraMode":{"drawMode":0,"name":"Shaded","section":"Shading Mode"},"sceneLighting":true,"audioPlay":false,"sceneViewState":{"m_AlwaysRefresh":false,"showFog":true,"showSkybox":true,"showFlares":true,"showImageEffects":true,"showParticleSystems":true,"showVisualEffectGraphs":true,"m_FxEnabled":true},"in2DMode":false,"pivot":{"x":20.3406982421875,"y":4.2099199295043949,"z":22.981082916259767},"rotation":{"x":0.07668879628181458,"y":0.9230921864509583,"z":-0.27677997946739199,"w":0.25577330589294436},"size":30.387609481811525,"orthographic":false}